{"count":1,"self":39.5653024,"total":40.061184999999995,"children":{"InitializeActuators":{"count":16,"self":0.0010000999999999999,"total":0.0010000999999999999,"children":null},"InitializeSensors":{"count":16,"self":0,"total":0,"children":null},"AgentSendState":{"count":1785,"self":0.0080042999999999989,"total":0.0455369,"children":{"CollectObservations":{"count":1904,"self":0.029013999999999998,"total":0.029013999999999998,"children":null},"WriteActionMask":{"count":1904,"self":0.0010003,"total":0.0010003,"children":null},"RequestDecision":{"count":1904,"self":0.0075182999999999995,"total":0.0075182999999999995,"children":null}}},"DecideAction":{"count":1785,"self":0.43934409999999996,"total":0.43934409999999996,"children":null},"AgentAct":{"count":1785,"self":0.010001699999999999,"total":0.010001699999999999,"children":null}},"gauges":{"MyBehavior.CumulativeReward":{"count":167,"max":100,"min":-1,"runningAverage":63.10777,"value":100,"weightedAverage":70.21679}},"metadata":{"timer_format_version":"0.1.0","start_time_seconds":"1681707607","unity_version":"2021.3.16f1","command_line_arguments":"D:\\Unity\\Unity Edit\\2021.3.16f1\\Editor\\Unity.exe -projectpath C:\\Users\\myd97\\OneDrive\\Desktop\\FootStepModel_with_RL -useHub -hubIPC -cloudEnvironment production -licensingIpc LicenseClient-myd97 -hubSessionId af368ed0-dcd0-11ed-8cd6-e72fb30183c1 -accessToken u9dv8TWLC-Gefx4mlOwKGvjV1XZEsCNhBjKc2-k70d8003f","communication_protocol_version":"1.5.0","com.unity.ml-agents_version":"2.0.1","scene_name":"FootStepAgents","end_time_seconds":"1681707647"}}