{"cameraMode":{"drawMode":0,"name":"Shaded","section":"Shading Mode"},"sceneLighting":true,"audioPlay":false,"sceneViewState":{"showFog":true,"showMaterialUpdate":false,"showSkybox":true,"showFlares":true,"showImageEffects":true,"showParticleSystems":true},"in2DMode":false,"pivot":{"x":8.8043851852417,"y":1.1017680168151856,"z":-1.7488231658935547},"rotation":{"x":-0.742924690246582,"y":0.0030066671315580608,"z":-0.003279393073171377,"w":-0.66953045129776},"size":22.464614868164064,"orthographic":true}